{"cameraMode":{"drawMode":0,"name":"Shaded","section":"Shading Mode"},"sceneLighting":true,"audioPlay":false,"sceneViewState":{"showFog":true,"showMaterialUpdate":false,"showSkybox":true,"showFlares":true,"showImageEffects":true,"showParticleSystems":true},"in2DMode":false,"pivot":{"x":4.1418843269348148,"y":4.516486167907715,"z":-2.1551437377929689},"rotation":{"x":0.2669980227947235,"y":-0.3132711946964264,"z":-0.09177801012992859,"w":-0.9068517088890076},"size":31.440401077270509,"orthographic":false}